frequency_hz,measurement_db,target_db,deviation_db,absolute_deviation_db,within_tolerance
20.0,-0.5,0.0,-0.5,0.5,True
25.0,-0.1,0.2,-0.30000000000000004,0.30000000000000004,True
31.5,0.1,0.4,-0.30000000000000004,0.30000000000000004,True
40.0,0.5,0.6,-0.09999999999999998,0.09999999999999998,True
50.0,0.9,0.8,0.09999999999999998,0.09999999999999998,True
63.0,1.5,1.0,0.5,0.5,True
80.0,1.8,1.2,0.6000000000000001,0.6000000000000001,True
100.0,1.7,1.3,0.3999999999999999,0.3999999999999999,True
125.0,1.4,1.2,0.19999999999999996,0.19999999999999996,True
160.0,1.0,1.0,0.0,0.0,True
200.0,0.7,0.8,-0.10000000000000009,0.10000000000000009,True
250.0,0.3,0.5,-0.2,0.2,True
315.0,-0.1,0.2,-0.30000000000000004,0.30000000000000004,True
400.0,-0.2,0.0,-0.2,0.2,True
500.0,-0.5,-0.2,-0.3,0.3,True
630.0,-0.6,-0.3,-0.3,0.3,True
800.0,0.0,-0.2,0.2,0.2,True
1000.0,0.4,0.0,0.4,0.4,True
1250.0,0.7,0.2,0.49999999999999994,0.49999999999999994,True
1600.0,0.9,0.3,0.6000000000000001,0.6000000000000001,True
2000.0,0.6,0.2,0.39999999999999997,0.39999999999999997,True
2500.0,0.4,0.1,0.30000000000000004,0.30000000000000004,True
3150.0,0.1,0.0,0.1,0.1,True
4000.0,-0.5,-0.2,-0.3,0.3,True
5000.0,-0.8,-0.4,-0.4,0.4,True
6300.0,-1.0,-0.5,-0.5,0.5,True
8000.0,-0.5,-0.3,-0.2,0.2,True
10000.0,0.1,-0.2,0.30000000000000004,0.30000000000000004,True
12500.0,-0.2,-0.4,0.2,0.2,True
16000.0,-1.0,-0.8,-0.19999999999999996,0.19999999999999996,True
20000.0,-1.8,-1.2,-0.6000000000000001,0.6000000000000001,True
